ticker,title,compound
BSCO,"Sentinel Pension Advisors Inc Buys Invesco BulletShares 2024 Corporate Bond ETF, Focus ...",0.0
BSCO,"Strategic Family Wealth Counselors, L.L.C. ...",0.4939
BSCO,"Sculati Wealth Management, LLC Buys Invesco BulletShares 2023 Corporate Bond ETF, Invesco ...",0.4939
BSCO,"Advisory Alpha, LLC Buys Consumer Staples Select Sector SPDR, SPDR Portfolio Short Term ...",0.0
BSCO,"Tlwm Buys PowerShares QQQ Trust Ser 1, Invesco BulletShares 2026 Corporate Bond ETF, iShares ...",0.5106
BSCO,"Greatmark Investment Partners, Inc. Buys Amgen Inc, Invesco BulletShares 2023 Corporate Bond ...",0.0
BSCO,Cozad Asset Management Inc Buys First Trust Lunt U.S. ...,0.7003
BSCO,"Exchange Capital Management, Inc. Buys Invesco BulletShares 2023 Corporate Bond ETF, SPDR ...",0.0
BSCO,"Well Done, LLC Buys iShares Commodities Select Strategy ETF, SPDR Oil & Gas Exploration and ...",0.4588
BSCO,"Asset Dedication, LLC Buys Invesco BulletShares 2026 Corporate Bond ETF, Invesco BulletShares ...",0.3612
BSCO,"Edge Wealth Management LLC Buys SPDR Biotech ETF, Salesforce. ...",0.4939
BSCO,"Blossom Wealth Management Buys Invesco BulletShares 2023 Corporate Bond ETF, iShares Gold ...",0.4939
BSCO,"Hudock, Inc. Buys Lockheed Martin Corp, Dominion Energy Inc, VanEck Vectors Semiconductor ETF, ...",0.2732
BSCO,"Edge Wealth Management LLC Buys SPDR Biotech ETF, Salesforce. ...",0.4939
BSCO,"RVW Wealth, LLC Buys iShares ESG Screened S&P Mid-Cap ETF, iShares iBonds Dec 2026 Term ...",0.4939
BSCO,Legacy Private Trust Co. Buys iShares Core S&P Total U.S. ...,0.5106
BSCO,"RVW Wealth, LLC Buys iShares ESG Screened S&P Mid-Cap ETF, iShares iBonds Dec 2026 Term ...",0.4939
BSCO,Invesco Provides Estimated Capital Gain Distribution Information for 2021,0.5267
BSCO,Fed begins purchasing corporate-bond ETFs,0.0
BSCO,Invesco ETFs Announces Listing Transfer for 22 ETFs,0.0
BSCO,Guggenheim Investments Exchange Traded Funds Declare Monthly Distributions,0.0
BSCO,Guggenheim Investments Exchange Traded Funds Declare Monthly Distributions,0.0
BSCO,Guggenheim Investments Exchange Traded Funds Declare Monthly Distributions,0.0
BSCO,Guggenheim Investments Exchange Traded Funds Declare Monthly Distributions,0.0
BSCO,Guggenheim Investments Exchange Traded Funds Declare Monthly Distributions,0.0
BSCO,Guggenheim Investments Exchange Traded Funds Declare Monthly Distributions,0.0
BSCO,Guggenheim Investments Exchange Traded Funds Declare Monthly Distributions,0.0
BSCO,Guggenheim Investments Exchange Traded Funds Declare Monthly Distributions,0.0
BSCO,Guggenheim Investments Exchange Traded Funds Declare Monthly Distributions,0.0
BSCO,Guggenheim Investments Exchange Traded Funds Declare Monthly Distributions,0.0
BSCO,Guggenheim Investments Exchange Traded Funds Declare Monthly Distributions,0.0
BSCO,Guggenheim Investments Exchange Traded Funds Declare Monthly Distributions,0.0
BSCO,Guggenheim Investments Exchange Traded Funds Declare Monthly Distributions,0.0
BSCO,Guggenheim Investments Exchange Traded Funds Declare Monthly Distributions,0.0
BSCO,Guggenheim Investments Announces Estimated 2016 Annual Capital Gains Distributions,0.34
BSCO,Guggenheim Investments Exchange Traded Funds Declare Monthly Distributions,0.0
BSCO,Guggenheim Investments Exchange Traded Funds Declare Monthly Distributions,0.0
BSCO,Guggenheim Investments Exchange Traded Funds Declare Monthly Distributions,0.0
BSCO,Guggenheim Investments Expands its Increasingly Popular BulletSharesÂ® Defined-Maturity ETF Product Suite,0.4939
BSCO,Guggenheim Investments Exchange Traded Funds Declare Monthly Distributions,0.0
BSCO,Guggenheim Investments Exchange Traded Funds Declare Monthly Distributions,0.0
BSCO,Guggenheim Investments Exchange Traded Funds Declare Monthly Distributions,0.0
BSCO,Guggenheim Investments Exchange Traded Funds Declare Monthly Distributions,0.0
BSCO,Guggenheim Investments Exchange Traded Funds Declare Monthly Distributions,0.0
BSCO,Guggenheim Investments Exchange-Traded Funds Declare Monthly Distributions,0.0
BSCO,Guggenheim Investments Exchange-Traded Funds Declare Monthly Distributions,0.0
BSCO,Guggenheim Investments Exchange-Traded Funds Declare Monthly Distributions,0.0
BSCO,Climbing the Defined-Maturity Guggenheim Bond Ladder,0.0
BSCO,Guggenheim Investments Exchange-Traded Funds Declare Monthly Distributions,0.0
BSCO,Unique Ways to Stick With Bond ETFs as Rates Rise,0.0
BSCO,BulletShares ETFs for a Bond Ladder Strategy to Hedge Rate Risk,-0.2732
BSCO,Target-Maturity Bond ETFs for Conservative Investors,0.0
BSCO,Potential ETF Plays After The Fed Hikes Rates,0.25
BSCO,Where Defined-Maturity ETFs Fit Into A Fixed-Income Portfolio,0.3612
BSCO,Target-Date ETFs to Diminish Portfolio Volatility,0.0
BSCO,Guggenheim Launches 4 More Target Date Bond ETFs,0.0
BSCO,"Guggenheim Investments Adds 13 ETFs to Schwab ETF OneSource, Providing Advisors and Investors with the Popular Program's Largest Selection",0.4215
GOLD,Here's Why Barrick Gold (GOLD) is a Strong Value Stock,0.6908
GOLD,3 Reasons Growth Investors Will Love Barrick Gold (GOLD),0.7783
GOLD,Are Investors Undervaluing Barrick Gold (GOLD) Right Now?,0.0
GOLD,Is Barrick Gold (GOLD) a Buy as Wall Street Analysts Look Optimistic?,0.3182
GOLD,Analyst Report: Barrick Gold Corporation,0.0
GOLD,"Record gold prices reflect global economic condition, says Barrick Gold CEO",0.0
GOLD,Dominican Republic establishes state mining company,0.0
GOLD,Why Barrick Gold (GOLD) Might be Well Poised for a Surge,0.4767
GOLD,Here's Why Barrick Gold (GOLD) is a Strong Growth Stock,0.7096
GOLD,Barrick Gold Corporation (GOLD) Hits Fresh High: Is There Still Room to Run?,0.3182
GOLD,Why Barrick Gold (GOLD) is a Top Momentum Stock for the Long-Term,0.2023
GOLD,"In Spite of Volatile Markets, Gold Prices Are Expected to Climb to $2,500/Oz by The End Of 2024",-0.5267
GOLD,Barrick (GOLD) Q2 Earnings and Revenues Surpass Estimates,0.0
GOLD,5 Things to Know Before the Stock Market Opens,0.0
GOLD,Analyst Report: Barrick Gold Corporation,0.0
GOLD,Watch These Barrick Gold Price Levels As Stock Regains Luster After Earnings Beat,0.0
GOLD,Barrick Gold (GOLD) Q2 2024 Earnings Call Transcript,0.0
GOLD,"These Stocks Moved the Most Today: KeyCorp, JetBlue, Hawaiian Electric, Nvidia, Starbucks, and More",0.0
GOLD,Gold Stock Soars On Alluring Growth; Gold ETFs Hit Buy Zones Amid Flight To Safety,0.6597
GOLD,"Barrick Gold Stock Soars On Earnings, Gold ETFs Regain Buy Points On Flight To Safety",0.4215
GOLD,Barrick CEO Says Gold Giant Eyes Opportunities in Canada,0.3818
GOLD,"These Stocks Are Moving the Most Today: KeyCorp, JetBlue, Hawaiian Electric, Nvidia, Starbucks, and More",0.0
GOLD,"Barrick Gold Stock Pops On Earnings, Gold ETFs Regain Buy Points On Flight To Safety",0.4215
GOLD,"Barrick Gold Stock Pops, Gold ETFs Rebound As Bullion Rises Ahead Of Inflation Data",0.0
GOLD,"Gold Stock, Gold ETFs Rebound As Gold Prices Rise Ahead Of Key Inflation Data",0.0
GOLD,Rising Gold Prices Lift Barrick Gold's Earnings,0.0
GOLD,Barrick Gold Posts Adjusted Earnings Beat as Gold Prices Rise,0.0
GOLD,"Monday.com, Barrick Gold, KeyCorp: 3 Moving Stocks",0.0
GOLD,Barrick Gold Earnings Are Lifting the Stock. Its Still Far Behind Peers.,0.0
GOLD,Barrick Gold (GOLD) Surpasses Q2 Earnings and Revenue Estimates,0.0
GOLD,Barrick Gold: Q2 Earnings Snapshot,0.0
GOLD,Key Projects Advance as Barrick Keeps Tight Focus on Value Creation and Growth,0.7269
GOLD,Barrick Declares Q2 Dividend and Buys Back Shares,0.296
GOLD,Barminco secures Hemlo contract extension with Barrick,0.3182
GOLD,Why Barrick Gold (GOLD) is a Top Value Stock for the Long-Term,0.4939
GOLD,Is Barrick Gold (GOLD) Stock Undervalued Right Now?,0.0
GOLD,Is Barrick (GOLD) Stock a Smart Buy Before Q2 Earnings Report?,0.4019
GOLD,Brokers Suggest Investing in Barrick Gold (GOLD): Read This Before Placing a Bet,0.0
GOLD,Barrick Gold (GOLD) Earnings Expected to Grow: Should You Buy?,0.0
GOLD,Barrick (GOLD) Gains 19% in 6 Months: Should You Buy the Stock?,0.34
GOLD,"Mining Plays a Vital Role in Advancing the UN's Sustainable Development Goals, says Barrick",0.4939
GOLD,Why Barrick Gold (GOLD) is a Top Growth Stock for the Long-Term,0.5267
GOLD,Barrick Gold (GOLD) Declines More Than Market: Some Information for Investors,0.0
GOLD,John Hussman's Strategic Moves: A Deep Dive into His Q2 2024 Portfolio Adjustments,0.0
GOLD,Barrick Gold Corporation (GOLD): A Good Gold Mining Stock to Invest In Right Now,0.4404
GOLD,Newmont Corporation (NEM): A Good Gold Mining Stock to Buy?,0.4404
GOLD,Here's Why Barrick Gold (GOLD) is a Strong Momentum Stock,0.5106
GOLD,Barrick Gold (GOLD) Surpasses Market Returns: Some Facts Worth Knowing,0.2263
GOLD,Porgera Remains On Track Despite Mulitaka Landslide Challenges,-0.0572
GOLD,"Gold rally to boost profits for miners Newmont, Barrick",0.6808
GOLD,Why the Market Dipped But Barrick Gold (GOLD) Gained Today,0.5267
GOLD,Here's Why Barrick Gold (GOLD) is a Strong Value Stock,0.6908
GOLD,"Newmont, Barrick Gold Mining Stocks Have Rallied. Theyre Still Cheap.",0.0
GOLD,Should Value Investors Buy Barrick Gold (GOLD) Stock?,0.34
GOLD,Is Barrick Gold Corporation (GOLD) the Best Gold Stock to Buy According to Reddit and Robinhood?,0.6369
GOLD,Newmont Corporation (NEM): Are Wall Street Analysts Bullish on This Gold Stock Now?,0.0
GOLD,Is It Worth Investing in Barrick Gold (GOLD) Based on Wall Street's Bullish Views?,0.2263
GOLD,Barrick Gold Corporation (GOLD) Hits Fresh High: Is There Still Room to Run?,0.3182
GOLD,Barrick Gold (GOLD) Declines More Than Market: Some Information for Investors,0.0
GOLD,Barrick (GOLD) Reports Higher Preliminary Production for Q2,0.0
GOLD,Somerset to divest Valle del Tigre mineral concession in Ecuador to Barrick,0.0
GOLD,Higher Q2 Production Puts Barrick On Track to Deliver 2024 Targets,0.0
GOLD,Why Barrick Gold (GOLD) is Poised to Beat Earnings Estimates Again,0.25
GOLD,Why Barrick Gold (GOLD) is a Top Momentum Stock for the Long-Term,0.2023
GOLD,3 Top Stocks to Buy as Gold Prices Rise in July 2024,0.2023
GOLD,Analyst Report: Barrick Gold Corporation,0.0
GOLD,Barrick Gold (GOLD) Outperforms Broader Market: What You Need to Know,0.0
GOLD,Barrick (GOLD) Announces Strategic Plans for Loulo-Gounkoto,0.0
GOLD,Barrick Gold uses Fleet Space tech for Reko Diq exploration,0.2263
GOLD,Barrick Continues to Invest in Mali,0.0
GOLD,Notice of Release of Barrick's Second Quarter 2024 Results,0.0
GOLD,Barrick's (GOLD) Kibali Mine to Sustain Annual Gold Production,0.0
GOLD,Is Barrick Gold Corporation (GOLD) the Best Dividend Stock to Buy Under $25 Right Now?,0.6369
GOLD,12 Best Dividend Stocks Under $25,0.6369
GOLD,Barrick (GOLD) Trading Above 200-Day SMA: Time to Buy the Stock?,0.0
GOLD,Bull of the Day: Barrick Gold (GOLD),0.0
GOLD,"Exploration Success, Capital Investment and Reserve Growth to Sustain Kibali's Production Profile",0.802
GOLD,The Largest Gold Mine in the World by Production Volume,0.0
GOLD,10 Largest Gold Mines in the World by Production Volume,0.0
GOLD,Is Barrick Gold (GOLD) a Buy as Wall Street Analysts Look Optimistic?,0.3182
GOLD,Here's Why Barrick Gold (GOLD) is a Strong Growth Stock,0.7096
GOLD,Analyst Report: Barrick Gold Corporation,0.0
GOLD,Barrick Gold (GOLD) Stock Sinks As Market Gains: Here's Why,0.34
GOLD,3 Gold Stocks to Buy as the Yellow Metal Explodes in Value,0.34
GOLD,"Biden admin. is creating challenges for metal demand, miners",0.25
GOLD,The 7 Best Under $20 Stocks to Buy in June 2024,0.6369
GOLD,Ford Motor Director Scooped Up Stock,0.0
GOLD,Barrick Gold Corporation (GOLD) Fell Despite In-line Earnings Results,0.0
GOLD,Barrick Gold Corp (NYSE:GOLD): The Best Undervalued International Dividend Stock?,0.6369
GOLD,12 Best International Dividend Stocks to Buy Now,0.6369
GOLD,Here's Why Barrick Gold (GOLD) is a Strong Growth Stock,0.7096
GOLD,"What gold, copper futures are telling us about the economy",0.0
GOLD,"Nvidia starts trading after split, Apple expected to showcase AI offerings at WWDC: Yahoo Finance",0.0
GOLD,Gold and Gold-Related Stocks Slump as Hot US Jobs Data Dampens Rate-Cut Hopes,0.4215
GOLD,Barrick and Zijin Contribute $1 Million to Support Papua New Guinea Landslide Victims,0.1027
GOLD,Gold Stocks Face A Potentially Historic Rally,0.0
GOLD,Are Investors Undervaluing Barrick Gold (GOLD) Right Now?,0.0
GOLD,NYSE resolves glitch that showed Berkshire Hathaway down 99%,0.1779
GOLD,"Glitch Gives Warren Buffett Stock Investors A $600,000 Scare",-0.4939
GOLD,Is Berkshire Hathaway (BRK-A) Stock Really Down 99%? NYSE Error Leads to Major Glitch.,-0.4019
NVDA,Apple May Invest In OpenAI. Its Strategy Is Coming Together.,0.0
NVDA,"Nvidia's earnings were 'boring' but stock still has plenty of runway, says Gabelli's John Belton",0.0
NVDA,Nvidias business is growing faster than expected. Investors were still disappointed.,-0.34
NVDA,Why You Should Ignore Nvidias Stock Drop After Earningsand Brace for AIs Next Big Chip,-0.5574
NVDA,Strategist's one catalyst for Nvidia in the coming quarters,0.0
NVDA,Magnificent Seven Stocks: Nvidia Stock Slides On Earnings; Apple Eyes Buy Point,0.5994
NVDA,"Nvida Stumbles, Tesla Skids While This Mag 7 Stock Is Ripe For A Breakout",0.0
NVDA,"Midday stock movers: Nvidia, Best Buy, Dollar General",0.6369
NVDA,"Top Stock Movers Now: Best Buy, Dollar General, Nvidia, and More",0.7184
NVDA,Stocks Pick Up Momentum Without Nvidia; Affirm Rallies While Discount Retailers Tumble (Live Coverage),0.0
NVDA,Squawk Pod: Nvidia reports! And Berkshire hits $1T - 08/29/24  Audio Only,0.0
NVDA,"Nvidia stock slips, Americans curb their spending: Wealth!",0.5411
NVDA,Stocks Climb Without Nvidia on Signs US Holding Up: Markets Wrap,0.0
NVDA,"Heard on the Street: For Nvidia, Great Wont Always Be Good Enough",0.4007
NVDA,"Why Artificial Intelligence (AI) Stocks Arm Holdings, Microsoft, and Broadcom Rallied on Thursday",0.4767
NVDA,4 takeaways from Nvidia's second-quarter earnings,0.0
NVDA,"Telegram CEO, OpenAI, Nvidia watch parties: 3 Top Stories",0.5423
NVDA,Latin American Currencies Lead Losses in Emerging Markets,-0.4019
NVDA,Cerebras CEO: Our inference offering is 20x faster than Nvidia's and a fraction of the price,0.0
NVDA,Nvidia Stock Drops Despite Bullish Analyst Calls For AI Chipmaker,0.0
NVDA,Uber's latest self-driving partner is an AI startup backed by Nvidia and Microsoft,0.0258
NVDA,How Nvidia Is Building A Competitive Moat To Fend Off AI Challengers,0.2732
NVDA,Apple Stock Can Taste A Breakout As Tesla Falls Farther From The Tree,0.0
NVDA,Warning signs emerge in Nvidia's earnings report,-0.34
NVDA,"Nvidia faces challenge as 'promise of AI' is ahead of results, says Elevation Partner's McNamee",0.3818
NVDA,Stocks Trade Higher; Nvidia Shares Slip,0.296
NVDA,Stocks Strengthen Even As Nvidia Falls; Teddy Bear Chain Breaks Out On Plush Earnings (Live Coverage),0.3182
NVDA,What Wall Street Thinks of Nvidia's Stock Now That Earnings Are In,0.0
NVDA,Why Intel Stock Is Gaining Today,0.4215
NVDA,Some of the best portfolio plays as Fed starts cutting rates,0.6908
NVDA,NVIDIA Corporation (NVDA): A Beginner Stock You Should Check Out,0.0
NVDA,Nvidia's 2025 Blackwell shipments will be 'fireworks' for stock,0.0
NVDA,"Nvidia Stock Takes One for the AI Team. AMD, Arm Are Rising.",0.0
NVDA,Apple Is Citis Top AI Stock Pick. Its Finally Beating the Market.,-0.296
NVDA,Nvidia earnings: How a credit analyst views the results,0.3818
NVDA,"AI Stocks: Tech Giants, Cloud Titans Face 'Show Me' Moment",0.0
NVDA,"We 'absolutely love' Nvidia's positioning, says Piper Sandler's Kumar",0.6697
NVDA,These Stocks Are Moving the Most Today,0.0
NVDA,"These Stocks Are Moving the Most Today: Nvidia, CrowdStrike, Super Micro, Affirm, Dollar General, Best Buy, Okta, Nutanix, and More",0.8442
NVDA,Stocks Rise Despite Nvidia's Drop; Best Buy Surges After Earnings (Live Coverage),-0.3724
NVDA,Why Nvidia Stock Is Falling Today,-0.1531
NVDA,Analysts maintain Buy rating on TSMC after Nvidia results,0.0
NVDA,The biggest challenge for Nvidia stock in one chart,0.0772
NVDA,Nvidia's Stock is Slipping. Wall Street Analysts Say Buy the Dip,0.0
NVDA,Nvidia Faces This Test After Earnings; Is It A Buy Now?,0.0
NVDA,7 takeaways from Nvidia's big earnings report,0.0
NVDA,"US Stocks Rebound on Resilient Economy, Nvidia Sinks",0.0
NVDA,Breakout Watch: Apple Stock Shines As Tesla Falls Farther From The Tree,0.0
NVDA,Jim Cramer Says ARM Holdings (ARMH) Is A Good Stock To Buy,0.4404
NVDA,"While All The Attention Is On Nvidia, One Discount Retailer Jumps On Earnings",0.0
NVDA,"Dow, stocks open higher following Nvidia's latest earnings",0.0
NVDA,"Nvidia Pays Price of Lofty Expectations, Stoking Fear for Rivals",-0.4939
NVDA,"Nvidia Tumbles After Disappointing Forecast, Blackwell Chip Snags",-0.4939
NVDA,Nvidia Stock Investors: 1 Red Flag You Shouldn't Ignore,0.2755
NVDA,Nvidia Stock Opens 1.4% Down,0.0
NVDA,Where Will AMD Stock Be in 3 Years?,0.0
NVDA,Stocks Open Higher After Latest Economic Data Suggest a Soft Landing,0.0
NVDA,Nvidia: 3 reasons why Q2 beat did not impress investors,-0.3412
NVDA,"Nvidia earnings, Salesforce jumps, US GDP revised: 3 Things",0.0
NVDA,Wolfe's Chris Caso on Nvidia's Q2 beat: What's clear is demand is still well ahead of supply,0.4939
NVDA,Where Will Nvidia Stock Be in 1 Year?,0.0
NVDA,Nvidia stock slips in pre-market trading after beating earnings expectations,-0.4588
NVDA,Q2 2025 NVIDIA Corp Earnings Call,0.0
NVDA,"The fundamental story on Nvidia remains very strong, says Haverford Trust's Hank Smith",0.5563
NVDA,"With AI Story Intact and Rate Cuts Imminent, Markets Turn Higher",-0.1027
NVDA,5 Things to Know Before the Stock Market Opens,0.0
NVDA,Why Nvidias Post-Earnings Stock Drop Wont Be a Problem for the Market,0.0408
NVDA,Buy the Dip Calls Come in for Nvidia Stock,0.0
NVDA,Ladner: The story with NVIDIA is really about how much of the economy is adopting AI,0.0
NVDA,Has Nvidia's stock been too priced to perfection? Two top investors weigh in,0.6705
NVDA,"Frasse: Nvidia beat expectations, but they continue to do this at a slowing pace.",0.0
NVDA,Stock Futures Jumping After Nvidia Earnings. Market Looking to Jobs Data.,0.0
NVDA,Analysts overhaul Nvidia stock price targets after Q2 earnings,0.0
NVDA,"Nvidia Finds Revenue Growth in Software, Sovereign AI",0.3818
NVDA,Market Reaction to Nvidia Earnings Is Healthy. What It Says About AI Boom.,0.4019
NVDA,"Only 1 Vanguard Sector ETF Is Down More Than 5% From Its 52-Week High. Here's What That Means for Investors in Value, Dividend, and Growth Stocks.",0.6124
NVDA,Nvidia's Strategic Investment Signals High Potential in this Emerging Artificial Intelligence (AI) Company,0.4767
NVDA,Marjorie Taylor Greene Just Loaded Up on Stocks: 6 Companies She Just Bought,0.0
NVDA,Will Nvidia Be Worth More Than Apple by 2030?,0.2263
NVDA,"If I Could Only Buy 1 Artificial Intelligence (AI) Semiconductor Stock Over the Next Decade, This Would Be It (Hint: It's Not Nvidia)",0.4767
NVDA,"Morning Bid: Nvidia 'beats' as expected, but fallout limited",-0.3291
NVDA,"2 Stock-Split Stocks to Buy Before They Soar 50% and 112%, According to Certain Wall Street Analysts (Hint: Not Nvidia)",0.2732
NVDA,"Nasdaq, S&P futures flat as markets assess Nvidia's results",0.0
NVDA,"Nvidia shares fall despite results, guidance beat; Analyst says ""buy the pullback""",0.296
NVDA,"Move Over, Nvidia: Billionaires Have a New Favorite Artificial Intelligence (AI) Stock",0.7269
NVDA,This Stock Market Indicator Has Been 70% Accurate Since 2014. It Signals a Big Move in September.,0.0
NVDA,Prediction: These 2 Artificial Intelligence (AI) Stocks Are About to See Massive Growth,0.6908
NVDA,Stock Futures Mixed After Nvidias Earnings Fail to Wow,0.0772
NVDA,This Undervalued Stock Could Join Nvidia in the $3 Trillion Club,0.296
NVDA,Nikkei Ends Flat as Investors Digest Nvidia's Results,0.0
NVDA,Indias iPhone hopes and South Koreas EV concerns,0.4215
NVDA,Nvidia faces looming test on use of chips,-0.128
NVDA,Nvidia Is Expected to Maintain Its Share of the AI Chip Market,0.296
NVDA,"Oil Holds Losses as Slipping Equities Vie With Stockpiles, Libya",-0.4019
NVDA,Nvidia Frankfurt shares fall 7% after earnings,0.296
NVDA,"Nvidia Beats Expectations with $30 Billion Q2 Revenue, Signaling Strong AI Growth",0.7096
NVDA,"Asian Chip Stocks Retreat, Following Nvidia Lower",-0.1027
NVDA,Decoding NVIDIA Corp (NVDA): A Strategic SWOT Insight,0.0
NVDA,"Morning Bid: Nvidia watch party over, back to inflation vigil",0.4019
NVDA,Asian shares mostly slip as market focus turns from Nvidia to US economy,0.296
